Rank,Ticker,Sector,Industry,Exchange,Relative Strength,Percentile,1 Month Ago,3 Months Ago,6 Months Ago,Market Cap,Close
2,ASTS,Technology,Communication Equipment,NASDAQ,583.39,99,99,38,9,2532088320.0,20.959999084472656
3,LENZ,Healthcare,Biotechnology,NASDAQ,534.75,99,99,99,83,467792032.0,23.170000076293945
4,CRBP,Healthcare,Biotechnology,NASDAQ,517.77,99,99,99,99,468184352.0,52.97999954223633
10,RNA,Healthcare,Biotechnology,NASDAQ,351.07,99,99,99,95,4130786048.0,44.9900016784668
11,SEZL,Financial Services,Credit Services,NASDAQ,338.25,99,99,98,98,469543264.0,126.47000122070312
13,SMMT,Healthcare,Biotechnology,NASDAQ,334.32,99,99,96,98,5601800704.0,11.25
19,LBPH,Healthcare,Biotechnology,NASDAQ,299.57,99,99,98,99,738721920.0,34.880001068115234
22,AEYE,Technology,Software - Application,NASDAQ,291.87,99,99,99,69,212526320.0,22.790000915527344
23,SLNO,Healthcare,Biotechnology,NASDAQ,289.69,99,99,99,99,1734692864.0,49.52000045776367
24,KINS,Financial Services,Insurance—Property & Casualty,NASDAQ,286.58,99,98,98,96,51737596.0,8.380000114440918
30,INSM,Healthcare,Biotechnology,NASDAQ,274.5,99,99,48,85,10697345024.0,76.37999725341797
31,ADMA,Healthcare,Biotechnology,NASDAQ,273.15,99,99,97,87,2461811456.0,17.270000457763672
33,INSG,Technology,Communication Equipment,NASDAQ,264.47,99,99,93,17,103737712.0,11.449999809265137
35,DYN,Healthcare,Biotechnology,NASDAQ,247.25,99,99,97,97,3297019648.0,43.63999938964844
36,CVNA,Consumer Cyclical,Auto & Truck Dealerships,NYSE,244.6,99,99,99,99,12955388928.0,146.49000549316406
37,CDNA,Healthcare,Diagnostics & Research,NASDAQ,243.67,99,98,95,21,734330176.0,27.61000061035156
45,HROW,Healthcare,Drug Manufacturers - Specialty & Generic,NASDAQ,231.6,99,96,86,19,624490496.0,37.84999847412109
54,PLSE,Healthcare,Medical Instruments & Supplies,NASDAQ,212.85,99,99,37,97,640242240.0,16.90999984741211
56,NRIX,Healthcare,Biotechnology,NASDAQ,208.97,99,98,95,84,1126084736.0,21.530000686645508
59,STOK,Healthcare,Biotechnology,NASDAQ,204.79,99,97,98,28,776065344.0,14.170000076293944
61,BNTC,Healthcare,Biotechnology,NASDAQ,202.72,99,99,99,57,67914232.0,9.220000267028809
64,SG,Consumer Cyclical,Restaurants,NYSE,201.57,98,96,99,64,3552299776.0,34.459999084472656
65,ZETA,Technology,Software—Application,NYSE,198.83,98,97,97,78,3581592576.0,23.809999465942383
81,FTAI,Industrials,Rental & Leasing Services,NASDAQ,180.97,98,98,97,95,9574752256.0,103.75
85,SPRY,Healthcare,Biotechnology,NASDAQ,179.76,98,96,89,76,878840320.0,13.0600004196167
86,DOYU,Communication Services,Internet Content & Information,NASDAQ,179.21,98,96,70,11,324264896.0,18.5
87,VIRC,Consumer Cyclical,"Furnishings, Fixtures & Appliances",NASDAQ,178.26,98,98,97,96,256325664.0,16.059999465942383
94,PNTG,Healthcare,Medical Care Facilities,NASDAQ,174.34,98,96,94,85,680537344.0,30.709999084472656
95,KEQU,Consumer Cyclical,"Furnishings, Fixtures & Appliances",NASDAQ,173.37,98,98,97,93,104394888.0,48.209999084472656
96,BMA,Financial Services,Banks - Regional,NYSE,172.83,98,97,99,95,5020511232.0,56.83000183105469
97,CMPO,Industrials,Metal Fabrication,NASDAQ,172.57,98,81,69,15,518202016.0,10.984999656677246
98,TMDX,Healthcare,Medical Devices,NASDAQ,172.54,98,97,96,84,4765039104.0,161.99000549316406
102,FIP,Industrials,Conglomerates,NASDAQ,171.66,98,98,98,83,851178752.0,9.039999961853027
107,PRM,Basic Materials,Specialty Chemicals,NYSE,169.5,98,95,89,58,1159015168.0,10.43000030517578
109,CALT,Healthcare,Biotechnology,NASDAQ,169.44,98,97,71,74,1048215232.0,39.2400016784668
111,ANF,Consumer Cyclical,Apparel Retail,NYSE,169.38,98,98,98,99,9468789760.0,153.57000732421875
112,SILK,Healthcare,Medical Devices,NASDAQ,169.19,98,97,88,75,830688512.0,27.01000022888184
113,USAP,Basic Materials,Steel,NASDAQ,169.03,98,95,98,94,306204480.0,38.060001373291016
114,GATO,Basic Materials,Other Precious Metals & Mining,NYSE,168.87,98,98,97,69,744387584.0,11.949999809265137
116,CRS,Industrials,Metal Fabrication,NYSE,168.18,98,96,96,72,4986626048.0,140.7899932861328
118,TELZ,,,NYSE MKT,168.09,98,59,34,81,,22.57999992370605
124,MORF,Healthcare,Biotechnology,NASDAQ,165.91,97,96,22,47,1310448512.0,56.970001220703125
125,SN,Consumer Cyclical,"Furnishings, Fixtures & Appliances",NYSE,165.52,97,83,93,77,10521380864.0,89.94000244140625
129,GGAL,Financial Services,Banks - Regional,NASDAQ,165.31,97,94,98,94,6550478336.0,34.40999984741211
133,NVDA,Technology,Semiconductors,NASDAQ,162.95,97,97,97,97,3335037648896.0,116.13999938964844
137,CAVA,Consumer Cyclical,Restaurants,NYSE,162.68,97,96,93,78,10877130752.0,94.4499969482422
139,SFM,Consumer Defensive,Grocery Stores,NASDAQ,162.41,97,95,96,90,7812086784.0,95.62000274658205
140,HWKN,Basic Materials,Specialty Chemicals,NASDAQ,162.04,97,95,90,87,1873532928.0,119.51000213623048
150,IESC,Industrials,Engineering & Construction,NASDAQ,160.09,97,97,98,96,2759391488.0,169.3000030517578
151,THC,Healthcare,Medical Care Facilities,NYSE,159.93,97,94,95,89,13456809984.0,152.7899932861328
152,BBAR,Financial Services,Banks - Regional,NYSE,159.85,97,95,98,80,2783302912.0,9.600000381469728
154,WLFC,Industrials,Rental & Leasing Services,NASDAQ,159.53,97,94,88,49,410781888.0,92.48999786376952
158,INGN,Healthcare,Medical Devices,NASDAQ,158.7,97,92,62,77,180246928.0,12.489999771118164
159,QTTB,Healthcare,Biotechnology,NASDAQ,158.39,97,91,96,59,217226800.0,35.65999984741211
162,TLN,,,NASDAQ,158.2,97,97,94,73,,126.88999938964844
163,PTGX,Healthcare,Biotechnology,NASDAQ,158.08,97,95,90,91,1911472000.0,40.310001373291016
164,MMYT,Consumer Cyclical,Travel Services,NASDAQ,158.05,97,96,97,95,8979321856.0,95.02999877929688
166,HMY,Basic Materials,Gold,NYSE,157.35,97,96,97,86,5547788288.0,10.0
173,VRNA,Healthcare,Biotechnology,NASDAQ,156.2,97,84,17,31,1025684736.0,26.729999542236328
174,CLMB,Technology,Electronics & Computer Distribution,NASDAQ,155.89,97,82,61,87,257776016.0,85.16000366210938
175,KYMR,Healthcare,Biotechnology,NASDAQ,155.53,97,97,88,95,1914379008.0,43.0
178,CVLT,Technology,Software - Application,NASDAQ,154.66,97,92,90,89,5123945472.0,151.35000610351562
180,TREE,Financial Services,Financial Conglomerates,NASDAQ,153.79,97,98,97,96,551858368.0,45.630001068115234
182,NTRA,Healthcare,Diagnostics & Research,NASDAQ,152.75,97,96,96,87,13261495296.0,119.0199966430664
191,VST,Utilities,Utilities—Independent Power Producers,NYSE,151.55,96,97,99,95,30652921856.0,80.44999694824219
195,JXN,Financial Services,Insurance—Life,NYSE,150.25,96,96,97,88,5450616832.0,84.83999633789062
198,BLBD,Consumer Cyclical,Auto Manufacturers,NASDAQ,149.2,96,97,98,91,1851384448.0,47.970001220703125
203,BLFS,Healthcare,Medical Instruments & Supplies,NASDAQ,148.74,96,88,90,73,919533184.0,26.520000457763672
204,ALNY,Healthcare,Biotechnology,NASDAQ,148.62,96,90,26,21,19462060032.0,267.6300048828125
205,HNNA,Financial Services,Asset Management,NASDAQ,148.35,96,61,62,39,54824916.0,11.06999969482422
209,SNCR,Technology,Software—Infrastructure,NASDAQ,147.66,96,91,87,91,93892136.0,11.43000030517578
211,SMC,,,NYSE,147.21,96,96,97,56,,34.400001525878906
213,ERJ,Industrials,Aerospace & Defense,NYSE,147.02,96,94,96,80,4982641152.0,32.18000030517578
214,DY,Industrials,Engineering & Construction,NYSE,146.99,96,94,91,85,4897549312.0,186.25
215,CRNX,Healthcare,Biotechnology,NASDAQ,146.75,96,95,97,94,3492687616.0,50.33000183105469
219,GRND,Technology,Software - Application,NYSE,145.85,96,94,90,88,1742705920.0,11.729999542236328
221,CRDO,Technology,Semiconductors,NASDAQ,145.58,96,96,78,95,4769730048.0,28.670000076293945
223,ANAB,Healthcare,Biotechnology,NASDAQ,145.31,96,94,84,91,625322752.0,33.33000183105469
224,AGIO,Healthcare,Biotechnology,NASDAQ,145.23,96,96,88,65,2416259072.0,45.11000061035156
227,UFPT,Healthcare,Medical Devices,NASDAQ,144.35,96,94,93,90,1922454912.0,309.92999267578125
231,BWIN,Financial Services,Insurance Brokers,NASDAQ,143.77,96,94,87,78,2213762816.0,41.16999816894531
234,RKT,Financial Services,Mortgage Finance,NYSE,143.14,96,91,89,81,28418390016.0,18.6299991607666
235,RDNT,Healthcare,Diagnostics & Research,NASDAQ,143.06,96,95,95,89,4309426176.0,63.2599983215332
236,AU,Basic Materials,Gold,NYSE,142.96,96,89,87,36,9599055872.0,30.780000686645508
238,SPOT,Communication Services,Internet Content & Information,NYSE,142.84,96,87,95,95,61507686400.0,334.739990234375
239,QTWO,Technology,Software—Application,NYSE,142.82,96,95,95,85,3477957888.0,69.75
240,PI,Technology,Communication Equipment,NASDAQ,142.8,96,97,97,78,4079125504.0,155.5500030517578
241,IRM,Real Estate,REIT—Specialty,NYSE,142.47,96,91,87,79,26000896000.0,107.88999938964844
246,STRT,Consumer Cyclical,Auto Parts,NASDAQ,141.39,95,56,66,71,111939528.0,38.29999923706055
250,PETQ,Healthcare,Drug Manufacturers—Specialty & Generic,NASDAQ,140.9,95,81,67,77,660787456.0,30.40999984741211
251,INLX,Technology,Software—Application,NYSE MKT,140.84,95,82,94,94,24188086.0,9.140000343322754
252,MOD,Consumer Cyclical,Auto Parts,NYSE,140.68,95,97,98,98,5115531776.0,104.1500015258789
253,ACIW,Technology,Software - Infrastructure,NASDAQ,140.59,95,93,88,79,3797948928.0,47.150001525878906
254,ACR,Real Estate,REIT - Mortgage,NYSE,140.5,95,85,92,84,102189840.0,15.829999923706056
257,MRUS,Healthcare,Biotechnology,NASDAQ,140.47,95,97,94,97,3654148864.0,51.09999847412109
258,TNDM,Healthcare,Medical Devices,NASDAQ,140.43,95,95,96,28,3132590848.0,41.59999847412109
262,CNK,Communication Services,Entertainment,NYSE,139.94,95,80,57,65,2416333568.0,26.530000686645508
263,WKME,Technology,Software—Application,NASDAQ,139.86,95,93,22,51,1264124160.0,13.859999656677246
264,GDDY,Technology,Software - Infrastructure,NYSE,139.84,95,92,93,89,19314552832.0,159.99000549316406
265,CLS,Technology,Electronic Components,NYSE,139.77,95,98,98,98,7053986816.0,51.18999862670898
269,MDWD,Healthcare,Biotechnology,NASDAQ,139.47,95,94,95,91,135447280.0,18.209999084472656
270,TGTX,Healthcare,Biotechnology,NASDAQ,139.38,95,96,81,26,2457233664.0,21.229999542236328
271,DAKT,Technology,Electronic Components,NASDAQ,139.34,95,96,92,69,486658080.0,14.960000038146973
276,EAT,Consumer Cyclical,Restaurants,NYSE,138.65,95,94,93,80,3028023296.0,70.4000015258789
277,FICO,Technology,Software—Application,NYSE,138.47,95,93,89,92,35133960192.0,1774.6600341796875
279,REVG,Industrials,Farm & Heavy Construction Machinery,NYSE,138.07,95,92,95,92,1426091264.0,28.1200008392334
280,MIRM,Healthcare,Biotechnology,NASDAQ,138.05,95,92,24,45,1378640256.0,41.09000015258789
282,VHI,Basic Materials,Chemicals,NYSE,138.0,95,78,89,21,553888832.0,21.82999992370605
283,RSI,Consumer Cyclical,Gambling,NYSE,137.84,95,98,97,88,2178609920.0,9.050000190734863
289,COKE,Consumer Defensive,Beverages - Non-Alcoholic,NASDAQ,137.49,95,90,83,87,9598002176.0,1254.1600341796875
290,STEP,Financial Services,Asset Management,NASDAQ,137.45,95,92,83,88,4999408640.0,50.619998931884766
291,NVMI,Technology,Semiconductor Equipment & Materials,NASDAQ,137.38,95,95,92,92,7003353600.0,229.02999877929688
293,BV,Industrials,Specialty Business Services,NYSE,137.08,95,91,95,75,1289924992.0,14.579999923706056
294,KGC,Basic Materials,Gold,NYSE,137.07,95,94,93,54,9239027712.0,8.989999771118164
296,CRTO,Communication Services,Advertising Agencies,NASDAQ,136.71,95,83,81,67,2009571968.0,47.76499938964844
301,FEIM,Technology,Communication Equipment,NASDAQ,135.84,95,57,72,93,86429664.0,12.149999618530272
305,ZIM,Industrials,Marine Shipping,NYSE,135.47,94,94,94,78,2471393536.0,19.290000915527344
306,HWM,Industrials,Aerospace & Defense,NYSE,135.46,94,91,93,88,32736276480.0,93.91999816894533
307,LTH,Consumer Cyclical,Leisure,NYSE,135.37,94,83,50,14,3654587392.0,22.200000762939453
308,CRUS,Technology,Semiconductors,NASDAQ,135.01,94,95,87,67,6796256768.0,137.66000366210938
309,NHC,Healthcare,Medical Care Facilities,NYSE MKT,134.97,94,94,85,92,1629904128.0,127.0500030517578
310,ESEA,Industrials,Marine Shipping,NASDAQ,134.96,94,88,92,93,245501552.0,45.0
315,INOD,Technology,Information Technology Services,NASDAQ,134.62,94,99,85,29,397365056.0,16.43000030517578
316,CLBT,Technology,Software - Infrastructure,NASDAQ,134.57,94,88,89,95,2459457792.0,13.800000190734863
320,NMM,Industrials,Marine Shipping,NYSE,134.32,94,95,96,90,1481148544.0,45.470001220703125
323,NRG,Utilities,Utilities—Independent Power Producers,NYSE,134.12,94,91,97,87,16661401600.0,81.86000061035156
324,PLTR,Technology,Software—Infrastructure,NYSE,134.09,94,92,84,95,57498558464.0,30.38999938964844
328,LE,Consumer Cyclical,Apparel Retail,NASDAQ,133.71,94,96,93,79,450680416.0,14.670000076293944
330,SLG,Real Estate,REIT—Office,NYSE,133.6,94,93,93,92,3477626624.0,62.22999954223633
332,NGVC,Consumer Defensive,Grocery Stores,NYSE,133.42,94,95,93,70,478401984.0,23.479999542236328
333,KRYS,Healthcare,Biotechnology,NASDAQ,133.34,94,91,93,53,4940603392.0,187.47000122070312
336,WLDN,Industrials,Engineering & Construction,NASDAQ,133.11,94,93,92,49,423770464.0,36.0
337,MNDY,Technology,Software—Application,NASDAQ,133.11,94,84,81,85,11011791872.0,262.17999267578125
338,ENVA,Financial Services,Credit Services,NYSE,132.99,94,81,77,88,1634150528.0,79.9000015258789
345,APP,Technology,Software - Application,NASDAQ,132.39,94,97,97,97,26597492736.0,79.79000091552734
346,IDR,Basic Materials,Gold,NYSE MKT,132.21,94,96,94,87,122180440.0,10.079999923706056
347,PSFE,Technology,Software—Infrastructure,NYSE,132.14,94,93,88,36,1074468480.0,20.59000015258789
349,BURL,Consumer Cyclical,Apparel Retail,NYSE,131.89,94,92,68,79,14923795456.0,257.3099975585937
351,SHIP,Industrials,Marine Shipping,NASDAQ,131.66,94,85,97,90,221927200.0,10.65999984741211
352,EGO,Basic Materials,Gold,NYSE,131.44,94,86,91,73,3030966272.0,17.1200008392334
353,PIPR,Financial Services,Capital Markets,NYSE,131.43,94,93,87,85,3220285184.0,256.5899963378906
354,VIRT,Financial Services,Capital Markets,NASDAQ,131.38,94,71,85,26,3815098368.0,29.290000915527344
356,HTLF,Financial Services,Banks - Regional,NASDAQ,131.27,94,94,90,49,1832721536.0,50.86000061035156
358,ADSE,Industrials,Electrical Equipment & Parts,NASDAQ,131.09,94,93,93,96,552386048.0,12.539999961853027
359,VIST,Energy,Oil & Gas E&P,NYSE,131.08,94,88,95,93,4332943360.0,48.72999954223633
361,KARO,Technology,Software—Application,NASDAQ,130.91,94,83,72,51,1002087040.0,36.31999969482422
362,RVMD,Healthcare,Biotechnology,NASDAQ,130.9,94,91,91,76,6223271936.0,43.0
365,BOOT,Consumer Cyclical,Apparel Retail,NYSE,130.63,93,91,86,77,4067703552.0,135.08999633789062
366,PRCT,Healthcare,Medical Devices,NASDAQ,130.39,93,95,96,92,3188300288.0,64.5999984741211
367,ZUMZ,Consumer Cyclical,Apparel Retail,NASDAQ,130.37,93,87,41,28,371819392.0,26.1200008392334
368,GPS,Consumer Cyclical,Apparel Retail,NYSE,130.36,93,94,95,95,9687981056.0,23.11000061035156
370,AEM,Basic Materials,Gold,NYSE,130.26,93,88,90,46,32214157312.0,77.51000213623047
374,MGNI,Communication Services,Advertising Agencies,NASDAQ,129.96,93,95,83,41,1866519936.0,12.520000457763672
375,HOV,Consumer Cyclical,Residential Construction,NYSE,129.95,93,94,93,97,853314688.0,185.2700042724609
376,TRAK,Technology,Software—Application,NYSE,129.87,93,92,95,95,291764640.0,18.030000686645508
377,GRIN,Industrials,Marine Shipping,NASDAQ,129.87,93,84,93,48,266739888.0,14.220000267028809
378,SCVL,Consumer Cyclical,Apparel Retail,NASDAQ,129.76,93,91,85,85,1016263552.0,41.91999816894531
381,CSWI,Industrials,Specialty Industrial Machinery,NASDAQ,129.49,93,91,85,91,4174777088.0,304.8500061035156
382,PPC,Consumer Defensive,Packaged Foods,NASDAQ,129.11,93,85,90,73,8418584576.0,44.220001220703125
383,NVRI,Industrials,Waste Management,NYSE,129.04,93,79,58,66,671264832.0,10.880000114440918
384,LMB,Industrials,Building Products & Equipment,NASDAQ,128.99,93,97,91,95,638443200.0,59.86000061035156
385,VNOM,Energy,Oil & Gas Midstream,NASDAQ,128.78,93,84,81,83,6633830912.0,46.27999877929688
386,DOCS,Healthcare,Health Information Services,NYSE,128.78,93,54,22,60,5110340608.0,35.58000183105469
387,LGND,Healthcare,Biotechnology,NASDAQ,128.47,93,88,79,67,1446796416.0,103.0199966430664
388,SLVM,Basic Materials,Paper & Paper Products,NYSE,128.47,93,90,92,83,2891284480.0,75.2300033569336
390,BSVN,Financial Services,Banks - Regional,NASDAQ,128.44,93,91,74,68,262179664.0,37.93000030517578
391,GE,Industrials,Aerospace & Defense,NYSE,128.38,93,90,94,91,180577828864.0,167.9600067138672
392,SPXC,Industrials,Building Products & Equipment,NYSE,128.37,93,94,92,89,6120468992.0,149.74000549316406
394,ICUI,Healthcare,Medical Instruments & Supplies,NASDAQ,128.3,93,74,26,22,2914417152.0,150.07000732421875
396,IDCC,Technology,Software—Application,NASDAQ,128.22,93,82,66,84,2967190016.0,138.94000244140625
397,LRN,Consumer Defensive,Education & Training Services,NYSE,128.19,93,89,90,76,3005350656.0,82.36000061035156
399,WING,Consumer Cyclical,Restaurants,NASDAQ,128.16,93,92,95,94,11619653632.0,374.6900024414063
401,TRUP,Financial Services,Insurance—Specialty,NASDAQ,128.09,93,87,88,18,1177414400.0,40.88999938964844
402,TSM,Technology,Semiconductors,NYSE,128.09,93,94,91,88,872200536064.0,172.33999633789062
403,PWP,Financial Services,Capital Markets,NASDAQ,128.06,93,93,90,82,1369407360.0,17.979999542236328
404,NSSC,Industrials,Security & Protection Services,NASDAQ,127.98,93,95,78,92,1930649344.0,53.880001068115234
405,GLNG,Energy,Oil & Gas Midstream,NASDAQ,127.98,93,90,82,41,2974931200.0,33.15999984741211
406,TPL,Energy,Oil & Gas E&P,NYSE,127.96,93,91,70,29,16628063232.0,819.5800170898438
407,TPB,Consumer Defensive,Tobacco,NYSE,127.94,93,91,90,40,557021952.0,37.91999816894531
408,KNSA,Healthcare,Biotechnology,NASDAQ,127.91,93,82,75,87,1291109760.0,25.71999931335449
409,LAKE,Consumer Cyclical,Apparel Manufacturing,NASDAQ,127.86,93,89,79,81,177436560.0,23.0
412,MLI,Industrials,Metal Fabrication,NYSE,127.83,93,88,87,81,6268282368.0,67.72000122070312
414,ICCH,Financial Services,Insurance—Specialty,NASDAQ,127.77,93,86,43,34,70245384.0,22.82999992370605
416,KKR,Financial Services,Asset Management,NYSE,127.53,93,92,92,94,101859246080.0,115.80999755859376
417,WIX,Technology,Software—Infrastructure,NASDAQ,127.51,93,93,86,93,9369390080.0,158.9499969482422
418,LNTH,Healthcare,Drug Manufacturers—Specialty & Generic,NASDAQ,127.44,93,96,77,18,5623330816.0,97.51000213623048
419,UHS,Healthcare,Medical Care Facilities,NYSE,127.39,93,73,81,77,12644933632.0,220.47999572753903
420,ALKT,Technology,Software - Application,NASDAQ,127.36,93,93,88,90,2430086400.0,31.040000915527344
421,MMM,Industrials,Conglomerates,NYSE,127.17,93,71,84,28,55762190336.0,125.3499984741211
422,MCY,Financial Services,Insurance—Property & Casualty,NYSE,127.07,93,90,92,92,2833339136.0,60.04999923706055
423,NMRK,Real Estate,Real Estate Services,NASDAQ,127.06,93,91,88,92,2430948608.0,12.449999809265137
425,MEC,Industrials,Metal Fabrication,NYSE,126.9,92,90,83,25,341771200.0,19.209999084472656
428,TRGP,Energy,Oil & Gas Midstream,NYSE,126.72,92,89,87,80,26586085376.0,136.60000610351562
429,EVR,Financial Services,Capital Markets,NYSE,126.7,92,93,89,91,7879705600.0,234.1000061035156
432,AGX,Industrials,Engineering & Construction,NYSE,126.62,92,94,92,66,1036293632.0,71.55000305175781
434,SOHU,Communication Services,Electronic Gaming & Multimedia,NASDAQ,126.49,92,87,74,23,415091680.0,15.039999961853027
437,NWG,Financial Services,Banks—Regional,NYSE,126.34,92,87,90,41,33674817536.0,8.880000114440918
439,GKOS,Healthcare,Medical Devices,NYSE,126.22,92,91,91,93,5711170560.0,121.37999725341795
440,LC,Financial Services,Credit Services,NYSE,126.16,92,88,82,80,917851200.0,10.729999542236328
442,ANET,Technology,Computer Hardware,NYSE,126.12,92,93,94,92,106649968640.0,346.19000244140625
443,FRPT,Consumer Defensive,Packaged Foods,NASDAQ,126.1,92,92,94,86,6354631680.0,130.50999450683594
444,NVEI,Technology,Software—Infrastructure,NASDAQ,126.08,92,81,89,51,4508529152.0,33.189998626708984
446,JEF,Financial Services,Capital Markets,NYSE,125.85,92,91,86,80,9860045824.0,55.59000015258789
447,UG,Consumer Defensive,Household & Personal Products,NASDAQ,125.83,92,93,65,31,41119164.0,11.75
448,FSFG,Financial Services,Banks—Regional,NASDAQ,125.81,92,80,59,66,112883824.0,22.57999992370605
450,FUNC,Financial Services,Banks - Regional,NASDAQ,125.7,92,74,84,86,130313344.0,27.43000030517578
451,USLM,Basic Materials,Building Materials,NASDAQ,125.67,92,95,95,84,1876369280.0,74.80999755859375
452,GWRE,Technology,Software - Application,NYSE,125.61,92,89,82,89,11201702912.0,146.6699981689453
453,UTI,Consumer Defensive,Education & Training Services,NYSE,125.58,92,95,93,95,772051520.0,16.84000015258789
454,TEVA,Healthcare,Drug Manufacturers—Specialty & Generic,NYSE,125.58,92,93,94,90,19238656000.0,17.1299991607666
456,BFH,Financial Services,Credit Services,NYSE,125.48,92,93,78,76,2025026944.0,51.09000015258789
459,JLL,Real Estate,Real Estate Services,NYSE,125.25,92,89,80,72,10063802368.0,244.5500030517578
463,OSPN,Technology,Software—Infrastructure,NASDAQ,125.13,92,80,75,18,482908576.0,15.479999542236328
465,BALY,Consumer Cyclical,Resorts & Casinos,NYSE,125.07,92,63,50,13,455456256.0,17.040000915527344
466,IBCP,Financial Services,Banks—Regional,NASDAQ,125.03,92,91,81,82,503538816.0,32.0
468,AOSL,Technology,Semiconductors,NASDAQ,124.76,92,96,63,22,899798336.0,36.060001373291016
469,GREEL,,,NASDAQ,124.66,92,93,93,96,,9.5
470,BCS,Financial Services,Banks - Diversified,NYSE,124.61,92,91,92,70,39232618496.0,11.399999618530272
471,AVGO,Technology,Semiconductors,NASDAQ,124.53,92,93,92,94,839051444224.0,156.16000366210938
472,AGI,Basic Materials,Gold,NYSE,124.51,92,84,87,38,6162490368.0,18.489999771118164
475,NTAP,Technology,Computer Hardware,NASDAQ,124.37,92,91,89,74,26488776704.0,125.87000274658205
476,MPWR,Technology,Semiconductors,NASDAQ,124.28,92,91,85,91,41495801856.0,867.8099975585938
478,VERX,Technology,Software—Application,NASDAQ,124.15,92,92,88,70,5290938880.0,36.66999816894531
481,SE,Consumer Cyclical,Internet Retail,NYSE,123.9,92,89,93,35,43810652160.0,74.8499984741211
482,ARBKL,,,NASDAQ,123.88,92,86,80,95,,9.510000228881836
489,TGS,Energy,Oil & Gas Integrated,NYSE,123.58,91,78,93,57,3984815872.0,19.280000686645508
490,AVPT,Technology,Software - Infrastructure,NASDAQ,123.5,91,90,78,79,1806577536.0,10.770000457763672
492,BSRR,Financial Services,Banks - Regional,NASDAQ,123.41,91,90,76,41,310158624.0,27.670000076293945
493,VRNS,Technology,Software—Infrastructure,NASDAQ,123.33,91,87,79,93,4761178112.0,54.83000183105469
494,FFNW,Financial Services,Banks—Regional,NASDAQ,123.3,91,88,94,96,190919680.0,21.670000076293945
497,AORT,Healthcare,Medical Devices,NYSE,123.05,91,94,90,88,967820736.0,25.07999992370605
499,HALO,Healthcare,Biotechnology,NASDAQ,122.99,91,89,77,30,6398064128.0,55.9900016784668
500,CECO,Industrials,Pollution & Treatment Controls,NASDAQ,122.9,91,95,93,89,845439104.0,26.96999931335449
501,PSN,Technology,Information Technology Services,NYSE,122.9,91,78,82,91,8259564032.0,92.7300033569336
503,DKS,Consumer Cyclical,Specialty Retail,NYSE,122.8,91,92,88,90,18552872960.0,215.25
505,HIW,Real Estate,REIT—Office,NYSE,122.78,91,84,82,75,2831288576.0,30.96999931335449
509,MTZ,Industrials,Engineering & Construction,NYSE,122.67,91,83,90,32,8793661440.0,109.0
512,TIGO,Communication Services,Telecom Services,NASDAQ,122.64,91,89,90,28,4190682112.0,25.5
513,MHK,Consumer Cyclical,"Furnishings, Fixtures & Appliances",NYSE,122.61,91,81,75,80,7120735744.0,146.8800048828125
516,BLTE,Healthcare,Biotechnology,NASDAQ,122.33,91,95,83,91,1479292032.0,50.36000061035156
518,BHE,Technology,Electronic Components,NYSE,122.28,91,93,93,80,1439669248.0,41.63999938964844
519,ISRG,Healthcare,Medical Instruments & Supplies,NASDAQ,122.26,91,78,77,87,154297106432.0,469.2300109863281
520,PMTS,Financial Services,Credit Services,NASDAQ,122.21,91,94,83,23,294968704.0,26.479999542236328
521,CDMO,Healthcare,Biotechnology,NASDAQ,122.19,91,71,62,19,472289728.0,10.760000228881836
522,CPF,Financial Services,Banks - Regional,NYSE,122.12,91,87,81,65,551933312.0,25.21999931335449
523,ITIC,Financial Services,Insurance—Specialty,NASDAQ,122.11,91,78,62,61,330033440.0,210.2100067138672
524,TATT,Industrials,Aerospace & Defense,NASDAQ,121.95,91,92,91,96,150918784.0,14.0
527,ARIS,Utilities,Utilities - Regulated Water,NYSE,121.57,91,94,95,47,828962880.0,15.460000038146973
529,FTLF,Consumer Defensive,Packaged Foods,NASDAQ,121.49,91,91,89,75,127325272.0,32.0
531,FNGO,,,NYSE ARCA,121.4,91,95,93,96,,66.5719985961914
532,COHR,Technology,Scientific & Technical Instruments,NYSE,121.14,91,95,91,94,11195210752.0,66.95999908447266
533,MYGN,Healthcare,Diagnostics & Research,NASDAQ,121.02,91,89,81,83,2163141120.0,28.18000030517578
534,RYAN,Financial Services,Insurance—Specialty,NYSE,120.97,91,75,75,49,14040697856.0,65.12999725341797
538,GVA,Industrials,Engineering & Construction,NYSE,120.82,91,90,89,78,2774896640.0,69.12999725341797
540,FSUN,,,NASDAQ,120.7,91,67,57,78,,42.34999847412109
542,PRIM,Industrials,Engineering & Construction,NYSE,120.56,91,91,92,87,2960933632.0,53.0
544,LLY,Healthcare,Drug Manufacturers—General,NYSE,120.42,91,92,83,94,847248031744.0,908.0499877929688
545,DRS,Industrials,Aerospace & Defense,NASDAQ,120.41,90,89,79,84,6870637568.0,27.56999969482422
547,BELFA,Technology,Electronic Components,NASDAQ,120.3,90,89,87,94,863929984.0,83.02999877929688
549,UWMC,Financial Services,Mortgage Finance,NYSE,120.19,90,87,76,86,11598940160.0,8.819999694824219
550,ROAD,Industrials,Engineering & Construction,NASDAQ,120.18,90,90,90,88,3090402816.0,60.63999938964844
553,TISI,Industrials,Specialty Business Services,NYSE,120.15,90,85,73,38,34924232.0,9.93000030517578
554,GDS,Technology,Information Technology Services,NASDAQ,120.13,90,93,47,6,1717016704.0,11.479999542236328
555,SILV,Basic Materials,Other Precious Metals & Mining,NYSE MKT,120.1,90,94,94,29,1189736704.0,8.25
556,FSLR,Technology,Solar,NASDAQ,120.01,90,82,68,24,28084346880.0,230.2700042724609
558,IMMR,Technology,Software—Application,NASDAQ,119.9,90,95,87,48,339890720.0,10.489999771118164
559,PSTG,Technology,Computer Hardware,NYSE,119.87,90,92,94,79,22229741568.0,59.59000015258789
560,RXO,Industrials,Trucking,NYSE,119.72,90,90,49,61,2358012928.0,27.270000457763672
562,EME,Industrials,Engineering & Construction,NYSE,119.71,90,93,95,89,18151991296.0,361.4599914550781
563,AFBI,Financial Services,Banks - Regional,NASDAQ,119.71,90,87,72,75,134364240.0,21.229999542236328
564,HLNE,Financial Services,Asset Management,NASDAQ,119.69,90,88,82,91,6516170752.0,139.14999389648438
565,BFAM,Consumer Cyclical,Personal Services,NYSE,119.67,90,79,72,80,5929189376.0,133.4499969482422
566,UI,Technology,Communication Equipment,NYSE,119.65,90,88,45,18,8738486272.0,176.69000244140625
569,AKR,Real Estate,REIT - Retail,NYSE,119.55,90,80,72,78,1897901696.0,21.31999969482422
570,FISI,Financial Services,Banks—Regional,NASDAQ,119.55,90,85,53,52,271710976.0,23.649999618530277
571,CALM,Consumer Defensive,Farm Products,NASDAQ,119.5,90,74,69,74,2889827072.0,70.16000366210938
572,BKU,Financial Services,Banks - Regional,NYSE,119.49,90,88,81,59,2078986624.0,35.310001373291016
573,UTHR,Healthcare,Biotechnology,NASDAQ,119.46,90,88,79,31,12211878912.0,323.5899963378906
574,XOMA,Healthcare,Biotechnology,NASDAQ,119.42,90,86,86,92,271063008.0,26.459999084472656
577,KBH,Consumer Cyclical,Residential Construction,NYSE,119.33,90,90,88,89,5165270528.0,80.4000015258789
579,AVAV,Industrials,Aerospace & Defense,NASDAQ,119.3,90,86,95,76,6170440192.0,181.5200042724609
580,PLMR,Financial Services,Insurance—Property & Casualty,NASDAQ,119.3,90,89,89,86,2018039680.0,89.30999755859375
583,WAL,Financial Services,Banks—Regional,NYSE,119.13,90,90,85,77,6377628672.0,74.48999786376953
585,META,Communication Services,Internet Content & Information,NASDAQ,118.94,90,79,89,96,1266971312128.0,528.5399780273438
587,VZIO,Technology,Consumer Electronics,NYSE,118.81,90,89,88,93,2131800320.0,11.149999618530272
588,IIPR,Real Estate,REIT - Industrial,NYSE,118.76,90,90,90,80,3073433856.0,117.25
589,PHAT,Healthcare,Biotechnology,NASDAQ,118.76,90,74,52,56,694812800.0,12.170000076293944
590,PDM,Real Estate,REIT—Office,NYSE,118.73,90,81,61,33,919271232.0,8.880000114440918
591,DBD,Technology,Software—Application,NYSE,118.72,90,91,92,85,1504170752.0,38.56999969482422
592,CPRX,Healthcare,Biotechnology,NASDAQ,118.63,90,69,76,38,1768181632.0,19.59000015258789
593,SHG,Financial Services,Banks—Regional,NYSE,118.6,90,85,79,75,17105216512.0,41.130001068115234
596,DGP,,,NYSE ARCA,118.48,90,81,88,54,,59.720001220703125
597,LMAT,Healthcare,Medical Instruments & Supplies,NASDAQ,118.47,90,90,85,71,1876269440.0,82.80999755859375
600,GRBK,Consumer Cyclical,Residential Construction,NYSE,118.41,90,87,65,85,2598791680.0,69.63999938964844
601,ATGE,Consumer Defensive,Education & Training Services,NYSE,118.38,90,94,89,36,2412080896.0,73.11000061035156
602,PHIN,Consumer Cyclical,Auto Parts,NYSE,118.36,90,90,90,77,1870262016.0,43.27000045776367
603,CRAI,Industrials,Consulting Services,NASDAQ,118.35,90,93,94,60,1188307584.0,158.52000427246094
606,AFCG,Real Estate,REIT - Specialty,NASDAQ,118.31,89,79,70,40,256892064.0,9.899999618530272
608,GSL,Industrials,Rental & Leasing Services,NYSE,118.2,89,84,89,72,999158144.0,27.059999465942383
609,ADUS,Healthcare,Medical Care Facilities,NASDAQ,118.2,89,85,77,40,1952976896.0,128.75999450683594
613,BGC,Financial Services,Capital Markets,NASDAQ,118.05,89,92,92,89,3998595328.0,9.170000076293944
614,IPX,Basic Materials,Other Industrial Metals & Mining,NASDAQ,117.99,89,92,91,97,330652416.0,14.039999961853027
616,TYRA,Healthcare,Biotechnology,NASDAQ,117.8,89,91,82,93,1050796032.0,21.489999771118164
618,KURA,Healthcare,Biotechnology,NASDAQ,117.72,89,96,95,96,1506090496.0,19.030000686645508
620,RDVT,Technology,Software—Application,NASDAQ,117.6,89,85,47,22,293146176.0,26.15999984741211
621,CARG,Consumer Cyclical,Auto & Truck Dealerships,NASDAQ,117.54,89,77,69,79,2637099520.0,28.420000076293945
622,RCL,Consumer Cyclical,Travel Services,NYSE,117.49,89,93,89,84,38983225344.0,154.5800018310547
623,RBB,Financial Services,Banks—Regional,NASDAQ,117.47,89,89,84,79,317173184.0,21.43000030517578
625,EFX,Industrials,Consulting Services,NYSE,117.41,89,68,68,83,29889140736.0,292.3800048828125
627,IGIC,Financial Services,Insurance—Diversified,NASDAQ,117.38,89,87,88,86,680725760.0,15.779999732971191
631,VEON,Communication Services,Telecom Services,NASDAQ,117.23,89,83,82,80,1977555200.0,27.88999938964844
634,LPX,Industrials,Building Products & Equipment,NYSE,117.2,89,83,89,70,6352988160.0,95.08000183105467
635,PCVX,Healthcare,Biotechnology,NASDAQ,117.15,89,91,85,92,7860438528.0,77.22000122070312
636,LII,Industrials,Building Products & Equipment,NYSE,117.11,89,88,84,89,19608436736.0,573.489990234375
637,GHM,Industrials,Specialty Industrial Machinery,NYSE,117.1,89,93,94,93,322421984.0,28.780000686645508
639,ALSN,Consumer Cyclical,Auto Parts,NYSE,116.94,89,79,83,88,6584483840.0,83.75
640,TYL,Technology,Software—Application,NYSE,116.92,89,82,74,69,20252026880.0,579.280029296875
641,LFVN,Consumer Defensive,Packaged Foods,NASDAQ,116.89,89,52,85,91,84967016.0,8.079999923706055
642,STRW,Real Estate,REIT—Healthcare Facilities,NYSE MKT,116.83,89,95,86,60,569388608.0,10.739999771118164
646,FNKO,Consumer Cyclical,Leisure,NASDAQ,116.73,89,88,64,24,556892608.0,9.5600004196167
647,VNO,Real Estate,REIT—Office,NYSE,116.72,89,80,76,87,5001083904.0,31.0
649,NXRT,Real Estate,REIT—Residential,NYSE,116.7,89,74,57,17,1917479040.0,43.79999923706055
650,FSBW,Financial Services,Banks - Regional,NASDAQ,116.64,89,82,54,63,257347600.0,41.18999862670898
652,AMAL,Financial Services,Banks - Regional,NASDAQ,116.59,89,93,82,83,762184256.0,28.96999931335449
653,CBRE,Real Estate,Real Estate Services,NYSE,116.57,89,67,60,69,27206082560.0,110.3499984741211
654,KB,Financial Services,Banks—Regional,NYSE,116.53,89,89,88,82,21525770240.0,62.77000045776367
655,CEG,Utilities,Utilities - Renewable,NASDAQ,116.52,89,93,97,87,69480947712.0,189.41000366210935
656,VTR,Real Estate,REIT—Healthcare Facilities,NYSE,116.47,89,69,62,36,20198223872.0,59.27999877929688
657,PAHC,Healthcare,Drug Manufacturers—Specialty & Generic,NASDAQ,116.46,89,91,90,36,708002880.0,17.899999618530273
658,K,Consumer Defensive,Packaged Foods,NYSE,116.4,89,44,63,40,20102778880.0,74.5
659,NU,Financial Services,Banks—Regional,NYSE,116.32,89,90,90,93,55890935808.0,12.710000038146973
661,RYTM,Healthcare,Biotechnology,NASDAQ,116.25,89,96,87,97,2523668224.0,45.970001220703125
662,COST,Consumer Defensive,Discount Stores,NASDAQ,116.22,89,85,86,90,386033942528.0,864.8200073242188
663,GRMN,Technology,Scientific & Technical Instruments,NYSE,116.17,89,88,92,84,30870775808.0,169.66000366210938
664,CFG,Financial Services,Banks - Regional,NYSE,116.15,89,86,84,63,15821045760.0,39.68999862670898
665,PJT,Financial Services,Capital Markets,NYSE,116.09,88,87,74,87,4205684224.0,119.3499984741211
666,MUSA,Consumer Cyclical,Specialty Retail,NYSE,116.09,88,83,82,84,9938280448.0,499.6499938964844
667,SKYW,Industrials,Airlines,NASDAQ,116.09,88,95,95,96,3060527104.0,72.97000122070312
670,STBA,Financial Services,Banks—Regional,NASDAQ,116.03,88,84,57,53,1159312512.0,39.650001525878906
672,WT,Financial Services,Asset Management,NYSE,115.98,88,87,85,68,1460479488.0,10.039999961853027
673,NHI,Real Estate,REIT—Healthcare Facilities,NYSE,115.97,88,83,81,57,2935516416.0,74.44000244140625
674,CFB,Financial Services,Banks - Regional,NASDAQ,115.97,88,91,61,70,642287808.0,16.149999618530273
675,FTDR,Consumer Cyclical,Personal Services,NASDAQ,115.96,88,70,58,45,2746775808.0,46.0
676,PRK,Financial Services,Banks—Regional,NYSE MKT,115.95,88,90,77,72,2217164800.0,158.67999267578125
677,TTP,Financial Services,Asset Management,NYSE,115.95,88,73,76,58,68839704.0,39.72999954223633
680,TPG,Financial Services,Asset Management,NASDAQ,115.83,88,83,84,91,14616213504.0,47.2599983215332
681,CNS,Financial Services,Asset Management,NYSE,115.79,88,79,74,76,3578765568.0,83.5
683,CWK,Real Estate,Real Estate Services,NYSE,115.78,88,87,79,63,2401575680.0,12.670000076293944
684,KLAC,Technology,Semiconductor Equipment & Materials,NASDAQ,115.77,88,91,89,90,116236058624.0,793.8300170898438
685,IRT,Real Estate,REIT—Residential,NYSE,115.76,88,77,67,48,4202290176.0,19.649999618530277
687,DTM,Energy,Oil & Gas Midstream,NYSE,115.69,88,80,84,68,6672366592.0,73.04000091552734
688,ORRF,Financial Services,Banks—Regional,NASDAQ,115.68,88,83,71,80,271501728.0,32.119998931884766
691,DVA,Healthcare,Medical Care Facilities,NYSE,115.59,88,83,83,84,12472186880.0,145.83999633789062
692,CRVL,Financial Services,Insurance Brokers,NASDAQ,115.52,88,80,74,84,4272573952.0,305.2300109863281
693,SCSC,Technology,Electronics & Computer Distribution,NASDAQ,115.49,88,85,91,88,1088934400.0,48.310001373291016
694,TOL,Consumer Cyclical,Residential Construction,NYSE,115.43,88,87,93,93,12249224192.0,129.07000732421875
696,ACLX,Healthcare,Biotechnology,NASDAQ,115.38,88,91,63,93,2878974976.0,60.63999938964844
697,SOC,Energy,Oil & Gas Drilling,NYSE,115.38,88,89,82,69,914527744.0,14.600000381469728
698,GS,Financial Services,Capital Markets,NYSE,115.34,88,88,86,75,147504250880.0,491.9400024414063
700,TXRH,Consumer Cyclical,Restaurants,NASDAQ,115.23,88,88,88,88,11337704448.0,169.7100067138672
701,CR,Industrials,Specialty Industrial Machinery,NYSE,115.21,88,89,91,83,8200443904.0,151.00999450683594
703,SOI,Energy,Oil & Gas Equipment & Services,NYSE,115.18,88,89,58,21,374191264.0,11.6899995803833
704,NEM,Basic Materials,Gold,NYSE,115.15,88,75,70,20,48189718528.0,49.02000045776367
705,BKDT,,,NYSE,115.14,88,95,86,83,,94.16500091552734
708,CTDD,,,NYSE,114.98,88,44,29,19,,12.93000030517578
709,HTBI,Financial Services,Banks - Regional,NASDAQ,114.93,88,92,78,70,496130112.0,32.619998931884766
710,ASTH,Healthcare,Medical Care Facilities,NASDAQ,114.9,88,89,66,71,1897170048.0,47.68999862670898
713,ATI,Industrials,Metal Fabrication,NYSE,114.84,88,86,89,62,6869143040.0,62.970001220703125
714,HCA,Healthcare,Medical Care Facilities,NYSE,114.82,88,58,71,79,89218392064.0,368.8599853515625
717,CYBR,Technology,Software - Infrastructure,NASDAQ,114.77,88,86,84,92,11004565504.0,271.5599975585937
719,HASI,Real Estate,Real Estate Services,NYSE,114.72,88,91,87,53,3566422016.0,31.1299991607666
720,NRIM,Financial Services,Banks—Regional,NASDAQ,114.7,88,91,78,63,306821568.0,63.20000076293945
721,TT,Industrials,Building Products & Equipment,NYSE,114.62,88,88,91,90,73582501888.0,339.3999938964844
722,WLY,Communication Services,Publishing,NYSE,114.54,88,88,64,31,1967611264.0,45.040000915527344
723,DHI,Consumer Cyclical,Residential Construction,NYSE,114.53,88,74,75,85,45906092032.0,175.0399932861328
724,TTD,Technology,Software—Application,NASDAQ,114.51,88,79,79,81,45317619712.0,98.31999969482422
725,DCO,Industrials,Aerospace & Defense,NYSE,114.5,88,78,80,49,857077312.0,65.6500015258789
726,WELL,Real Estate,REIT—Healthcare Facilities,NYSE,114.42,87,74,72,73,61902245888.0,117.16999816894533
727,REGN,Healthcare,Biotechnology,NASDAQ,114.42,87,79,69,79,114495373312.0,1158.3299560546875
728,CTBB,,,NYSE,114.4,87,38,31,20,,12.600000381469728
733,VSEC,Industrials,Aerospace & Defense,NASDAQ,114.33,87,90,83,83,1545352704.0,83.58000183105469
735,AGYS,Technology,Software - Application,NASDAQ,114.28,87,90,83,41,2550769920.0,110.2699966430664
736,PATK,Consumer Cyclical,"Furnishings, Fixtures & Appliances",NASDAQ,114.26,87,85,83,92,2385759744.0,125.48999786376952
738,NECB,Financial Services,Banks—Regional,NASDAQ,114.21,87,84,64,53,235468720.0,21.270000457763672
739,PGR,Financial Services,Insurance—Property & Casualty,NYSE,114.19,87,78,84,87,123429109760.0,222.3300018310547
741,DECK,Consumer Cyclical,Footwear & Accessories,NYSE,114.17,87,87,88,95,25655963648.0,944.3200073242188
743,FITB,Financial Services,Banks - Regional,NASDAQ,114.15,87,86,88,81,24611938304.0,39.41999816894531
744,ELVN,Healthcare,Biotechnology,NASDAQ,114.14,87,93,92,94,962841216.0,21.520000457763672
745,FCNCA,Financial Services,Banks—Regional,NASDAQ,114.11,87,79,77,85,23663966208.0,1997.0
746,ENSG,Healthcare,Medical Care Facilities,NASDAQ,114.09,87,82,65,82,6899067392.0,142.05999755859375
748,MHO,Consumer Cyclical,Residential Construction,NYSE,114.06,87,89,84,92,3346577408.0,144.2100067138672
749,CTAS,Industrials,Specialty Business Services,NASDAQ,114.06,87,77,83,83,72141209600.0,759.1199951171875
750,IBTX,Financial Services,Banks—Regional,NASDAQ,114.02,87,86,55,65,1783784064.0,52.43999862670898
751,LAZ,Financial Services,Capital Markets,NYSE,114.0,87,80,80,84,3398003200.0,44.880001068115234
755,QCRH,Financial Services,Banks—Regional,NASDAQ,113.89,87,84,74,72,944850176.0,70.33000183105469
757,FLR,Industrials,Engineering & Construction,NYSE,113.86,87,86,55,51,7763511808.0,48.38999938964844
759,GHLD,Financial Services,Mortgage Finance,NYSE,113.77,87,65,66,85,901762688.0,16.18000030517578
763,AX,Financial Services,Banks - Regional,NYSE,113.72,87,93,88,84,3039785728.0,62.709999084472656
766,PRMW,Consumer Defensive,Beverages—Non-Alcoholic,NYSE,113.57,87,87,90,50,3591427328.0,21.68000030517578
767,VCTR,Financial Services,Asset Management,NASDAQ,113.55,87,89,92,70,3155254528.0,49.38999938964844
771,LOCO,Consumer Cyclical,Restaurants,NASDAQ,113.5,87,84,72,29,319896544.0,12.5600004196167
772,AGS,Consumer Cyclical,Gambling,NYSE,113.48,87,90,93,89,456094048.0,11.350000381469728
775,JILL,Consumer Cyclical,Apparel Retail,NYSE,113.47,87,93,79,32,396840672.0,34.06999969482422
776,PAR,Technology,Software—Application,NYSE,113.47,87,85,65,81,1564950272.0,51.91999816894531
777,ALHC,Healthcare,Healthcare Plans,NASDAQ,113.46,87,95,53,26,1443544960.0,8.489999771118164
778,CORT,Healthcare,Biotechnology,NASDAQ,113.45,87,86,62,20,2930752768.0,34.13999938964844
780,SAP,Technology,Software—Application,NYSE,113.42,87,82,81,85,220642000896.0,211.0200042724609
781,UVSP,Financial Services,Banks—Regional,NASDAQ,113.41,87,89,73,40,614120256.0,25.799999237060547
782,OPBK,Financial Services,Banks—Regional,NASDAQ,113.4,87,68,58,68,139094528.0,12.199999809265137
783,STC,Financial Services,Insurance—Property & Casualty,NYSE,113.4,87,87,81,90,1673308928.0,69.73999786376953
784,IP,Consumer Cyclical,Packaging & Containers,NYSE,113.39,87,84,76,60,16064105472.0,45.22999954223633
786,DORM,Consumer Cyclical,Auto Parts,NASDAQ,113.35,87,75,67,50,2851955456.0,105.26000213623048
788,USCB,Financial Services,Banks—Regional,NASDAQ,113.23,86,82,62,33,237832768.0,14.649999618530272
789,VBNK,Financial Services,Banks—Regional,NASDAQ,113.22,86,83,66,93,276456064.0,11.619999885559082
801,EPAC,Industrials,Specialty Industrial Machinery,NYSE,112.98,86,86,84,82,2090929920.0,40.150001525878906
806,VSTO,Consumer Cyclical,Leisure,NYSE,112.86,86,75,76,67,2089012224.0,38.52999877929688
808,RAND,Financial Services,Asset Management,NASDAQ,112.85,86,82,53,40,41296320.0,17.920000076293945
809,ONON,Consumer Cyclical,Footwear & Accessories,NYSE,112.84,86,82,78,77,13484081152.0,41.27000045776367
810,KEX,Industrials,Marine Shipping,NYSE,112.84,86,92,90,70,6913796608.0,116.8499984741211
811,EXEL,Healthcare,Biotechnology,NASDAQ,112.82,86,43,47,51,6280276992.0,26.700000762939453
812,HMNF,Financial Services,Banks - Regional,NASDAQ,112.81,86,82,76,52,95862472.0,24.729999542236328
813,BBSI,Industrials,Staffing & Employment Services,NASDAQ,112.78,86,82,80,72,876483072.0,35.130001068115234
815,SQSP,Technology,Software—Infrastructure,NYSE,112.74,86,83,90,65,6026641408.0,44.08000183105469
816,SRCL,Industrials,Waste Management,NASDAQ,112.69,86,76,40,56,5476127744.0,58.7599983215332
818,GFL,Industrials,Waste Management,NYSE,112.68,86,67,27,66,14445192192.0,40.33000183105469
820,MWA,Industrials,Specialty Industrial Machinery,NYSE,112.63,86,86,86,73,2728091648.0,19.90999984741211
821,FYBR,Communication Services,Telecom Services,NASDAQ,112.6,86,91,87,67,6246111744.0,27.68000030517578
825,DJCO,Technology,Software—Application,NASDAQ,112.58,86,87,79,56,508950304.0,421.7999877929688
826,FSS,Industrials,Pollution & Treatment Controls,NYSE,112.55,86,86,84,88,5194204672.0,93.5500030517578
829,AROW,Financial Services,Banks - Regional,NASDAQ,112.48,86,89,73,69,417452512.0,27.739999771118164
830,INFY,Technology,Information Technology Services,NYSE,112.46,86,71,33,74,74292469760.0,21.59000015258789
831,UMH,Real Estate,REIT—Residential,NYSE,112.42,86,64,55,34,1063103424.0,19.350000381469727
833,HIFS,Financial Services,Banks—Regional,NASDAQ,112.39,86,71,52,21,370969536.0,224.33999633789065
835,GIL,Consumer Cyclical,Apparel Manufacturing,NYSE,112.38,86,74,61,70,6391077376.0,41.869998931884766
836,PLUS,Technology,Software—Application,NASDAQ,112.36,86,67,82,89,1992284416.0,89.75
837,CMBT,,,NYSE,112.35,86,85,81,72,,16.920000076293945
838,SPNT,Financial Services,Insurance—Reinsurance,NYSE,112.33,86,77,72,81,2158302208.0,14.520000457763672
839,COOP,Financial Services,Mortgage Finance,NASDAQ,112.32,86,88,90,89,5296766464.0,85.91999816894531
840,CW,Industrials,Aerospace & Defense,NYSE,112.23,86,80,86,83,10670046208.0,296.9100036621094
841,CBU,Financial Services,Banks - Regional,NYSE,112.23,86,83,51,30,2323515904.0,57.02999877929688
842,MSI,Technology,Communication Equipment,NYSE,112.22,86,77,76,65,63979495424.0,412.0
843,FBNC,Financial Services,Banks - Regional,NASDAQ,112.19,86,75,37,60,1250750592.0,39.58000183105469
844,TMUS,Communication Services,Telecom Services,NASDAQ,112.14,86,71,60,71,211741573120.0,195.3300018310547
845,WTTR,Basic Materials,Specialty Chemicals,NYSE,112.14,86,86,82,76,1273590400.0,10.729999542236328
848,WWW,Consumer Cyclical,Footwear & Accessories,NYSE,112.09,85,87,89,28,1028681088.0,12.6899995803833
849,PHG,Healthcare,Medical Devices,NYSE,112.06,85,75,85,37,24200157184.0,28.51000022888184
850,HIG,Financial Services,Insurance—Property & Casualty,NYSE,112.03,85,77,84,85,30317846528.0,107.95999908447266
851,GLW,Technology,Electronic Components,NYSE,112.03,85,92,69,58,34444648448.0,39.77000045776367
853,HLI,Financial Services,Capital Markets,NYSE,111.9,85,81,79,88,9169627136.0,148.4199981689453
854,ALLY,Financial Services,Credit Services,NYSE,111.86,85,90,88,88,12174438400.0,40.86000061035156
855,CMRE,Industrials,Marine Shipping,NYSE,111.85,85,91,90,78,1846980608.0,14.079999923706056
856,NWPX,Industrials,Metal Fabrication,NASDAQ,111.84,85,69,81,36,334152032.0,39.459999084472656
858,AFL,Financial Services,Insurance - Life,NYSE,111.79,85,71,70,63,50566074368.0,101.7300033569336
859,CBAN,Financial Services,Banks - Regional,NASDAQ,111.76,85,82,69,61,202099488.0,13.489999771118164
861,PAAS,Basic Materials,Gold,NYSE,111.71,85,90,90,22,7235447296.0,19.84000015258789
862,BCOW,Financial Services,Banks - Regional,NASDAQ,111.66,85,76,39,72,45377692.0,8.90999984741211
863,CTLT,Healthcare,Drug Manufacturers - Specialty & Generic,NYSE,111.65,85,62,80,87,9966568448.0,59.709999084472656
864,CASY,Consumer Cyclical,Specialty Retail,NASDAQ,111.64,85,85,81,75,13949191168.0,367.2099914550781
866,PHM,Consumer Cyclical,Residential Construction,NYSE,111.63,85,85,88,91,23377410048.0,123.58000183105467
868,FIS,Technology,Information Technology Services,NYSE,111.6,85,78,86,68,42859143168.0,78.26000213623047
869,AWI,Industrials,Building Products & Equipment,NYSE,111.56,85,86,88,94,5009012736.0,120.45999908447266
871,DMA,Financial Services,Asset Management,NYSE,111.54,85,82,74,85,67224304.0,8.239999771118164
872,CTRE,Real Estate,REIT - Healthcare Facilities,NYSE,111.53,85,77,75,69,3553020672.0,27.93000030517578
873,HNI,Industrials,Business Equipment & Supplies,NYSE,111.51,85,85,85,88,2067356160.0,50.06999969482422
874,HCP,Technology,Software - Infrastructure,NASDAQ,111.5,85,88,85,23,6747003392.0,33.70000076293945
875,HBNC,Financial Services,Banks—Regional,NASDAQ,111.49,85,85,73,69,518360640.0,14.279999732971191
876,EFSC,Financial Services,Banks—Regional,NASDAQ,111.45,85,73,42,38,1439681280.0,48.4900016784668
877,SASR,Financial Services,Banks—Regional,NASDAQ,111.38,85,84,49,27,1023795008.0,28.38999938964844
878,UMBF,Financial Services,Banks—Regional,NASDAQ,111.34,85,85,74,72,3914662656.0,94.93000030517578
879,HEI,Industrials,Aerospace & Defense,NYSE,111.34,85,79,75,70,27616720896.0,235.0800018310547
880,AZZ,Industrials,Specialty Business Services,NYSE,111.33,85,92,92,95,2355742720.0,75.04000091552734
881,AAON,Industrials,Building Products & Equipment,NASDAQ,111.32,85,82,57,90,6627713536.0,87.55000305175781
882,BRO,Financial Services,Insurance Brokers,NYSE,111.3,85,76,76,81,26359861248.0,99.94000244140624
883,ZBRA,Technology,Communication Equipment,NASDAQ,111.29,85,80,79,60,15559511040.0,332.1199951171875
885,MCO,Financial Services,Financial Data & Stock Exchanges,NYSE,111.23,85,77,75,70,76710379520.0,464.4700012207031
887,CUZ,Real Estate,REIT - Office,NYSE,111.2,85,68,66,70,3543859712.0,27.049999237060547
889,HRB,Consumer Cyclical,Personal Services,NYSE,111.17,85,84,86,81,7409042944.0,56.38999938964844
890,ITOS,Healthcare,Biotechnology,NASDAQ,111.16,85,93,94,21,540037376.0,15.40999984741211
891,PDD,Consumer Cyclical,Internet Retail,NASDAQ,111.14,85,78,91,92,200232861696.0,144.02000427246094
892,TRTX,Real Estate,REIT—Mortgage,NYSE,111.14,85,87,92,48,675558656.0,8.399999618530273
893,APH,Technology,Electronic Components,NYSE,111.09,85,90,91,84,83760373760.0,64.79000091552734
894,TRU,Industrials,Consulting Services,NYSE,111.08,85,64,65,68,14040813568.0,88.77999877929688
897,RTX,Industrials,Aerospace & Defense,NYSE,111.01,85,63,73,51,139292753920.0,116.86000061035156
901,MELI,Consumer Cyclical,Internet Retail,NASDAQ,110.95,85,78,74,87,79767289856.0,1916.199951171875
902,CLH,Industrials,Waste Management,NYSE,110.9,85,85,81,75,12240031744.0,234.3500061035156
903,BK,Financial Services,Asset Management,NYSE,110.9,85,85,81,81,43881844736.0,63.54999923706055
904,FBP,Financial Services,Banks - Regional,NYSE,110.9,85,87,81,80,2917465600.0,19.90999984741211
905,FLEX,Technology,Electronic Components,NASDAQ,110.9,85,85,85,91,12699888640.0,30.350000381469727
906,FISK,Real Estate,REIT—Office,NYSE ARCA,110.87,85,80,61,72,2448224000.0,10.31999969482422
910,ICE,Financial Services,Financial Data & Stock Exchanges,NYSE,110.67,84,74,69,83,78225530880.0,154.66000366210938
912,MPB,Financial Services,Banks—Regional,NASDAQ,110.65,84,77,45,27,345468512.0,26.31999969482422
914,HSII,Industrials,Staffing & Employment Services,NASDAQ,110.56,84,76,85,57,671642688.0,36.810001373291016
915,EQBK,Financial Services,Banks—Regional,NYSE,110.54,84,88,80,83,506548800.0,36.93999862670898
916,INVA,Healthcare,Biotechnology,NASDAQ,110.53,84,72,62,76,1012854592.0,18.549999237060547
917,NVR,Consumer Cyclical,Residential Construction,NYSE,110.51,84,74,73,84,23617316864.0,8568.01953125
918,VGR,Consumer Defensive,Tobacco,NYSE,110.5,84,46,40,36,1689105920.0,13.399999618530272
919,NFLX,Communication Services,Entertainment,NASDAQ,110.48,84,85,86,91,295455883264.0,648.02001953125
920,CHKP,Technology,Software - Infrastructure,NASDAQ,110.43,84,71,54,75,17965602816.0,182.25999450683597
921,EXR,Real Estate,REIT - Industrial,NYSE,110.43,84,73,65,58,35114389504.0,165.94000244140625
922,SPR,Industrials,Aerospace & Defense,NYSE,110.42,84,86,75,64,3487235840.0,34.20000076293945
925,TKO,Communication Services,Entertainment,NYSE,110.37,84,69,69,33,8708075520.0,118.6999969482422
926,NSA,Real Estate,REIT—Industrial,NYSE,110.35,84,80,55,50,5383019008.0,42.790000915527344
928,BIRK,Consumer Cyclical,Footwear & Accessories,NYSE,110.34,84,76,37,64,11290220544.0,60.310001373291016
929,ABBV,Healthcare,Drug Manufacturers - General,NYSE,110.33,84,59,57,82,302599471104.0,191.22999572753903
930,CACI,Technology,Information Technology Services,NYSE,110.29,84,78,82,74,9629146112.0,461.2799987792969
931,SFBS,Financial Services,Banks—Regional,NYSE,110.27,84,90,70,74,3274918912.0,73.45999908447266
932,NBN,Financial Services,Banks—Regional,NASDAQ,110.27,84,89,73,73,449941728.0,64.5199966430664
933,ABCB,Financial Services,Banks - Regional,NYSE,110.27,84,87,77,74,3328207360.0,56.119998931884766
934,PBBK,Financial Services,Banks—Regional,NASDAQ,110.26,84,64,35,50,33524428.0,16.010000228881836
935,EBAY,Consumer Cyclical,Internet Retail,NASDAQ,110.26,84,74,80,52,27384098816.0,55.70000076293945
936,SMFG,Financial Services,Banks—Diversified,NYSE,110.26,84,86,81,75,86507257856.0,12.75
937,PM,Consumer Defensive,Tobacco,NYSE,110.2,84,61,60,34,157383655424.0,117.91000366210938
938,NBTB,Financial Services,Banks—Regional,NASDAQ,110.19,84,82,53,31,1707276160.0,44.84000015258789
939,BRC,Industrials,Security & Protection Services,NYSE,110.18,84,77,61,81,3159814144.0,70.13999938964844
940,CSR,Real Estate,REIT - Residential,NYSE,110.18,84,72,80,49,1072832768.0,72.91000366210938
942,JNPR,Technology,Communication Equipment,NYSE,110.11,84,66,66,87,11550073856.0,38.810001373291016
944,BOTJ,Financial Services,Banks - Regional,NASDAQ,109.97,84,72,39,67,50022176.0,13.0
945,ADC,Real Estate,REIT - Retail,NYSE,109.95,84,64,47,30,6223027712.0,71.83999633789062
947,WHLRD,Real Estate,REIT—Retail,NASDAQ,109.93,84,92,88,57,16417328.0,18.690000534057617
948,KTB,Consumer Cyclical,Apparel Manufacturing,NYSE,109.92,84,88,87,89,3808702208.0,70.73999786376953
950,CIGI,Real Estate,Real Estate Services,NASDAQ,109.84,84,75,51,75,5613724672.0,136.00999450683594
952,LMT,Industrials,Aerospace & Defense,NYSE,109.81,84,38,52,31,110371479552.0,559.4199829101562
954,OPY,Financial Services,Capital Markets,NYSE,109.81,84,86,72,38,478542592.0,49.959999084472656
955,ONTO,Technology,Semiconductor Equipment & Materials,NYSE,109.8,84,93,95,93,11301428224.0,199.7899932861328
956,MLP,Real Estate,Real Estate Services,NYSE,109.77,84,86,91,93,392415712.0,22.07999992370605
962,FBK,Financial Services,Banks - Regional,NYSE,109.58,84,88,73,68,1724918400.0,42.95000076293945
964,NDAQ,Financial Services,Financial Data & Stock Exchanges,NASDAQ,109.53,84,63,69,49,34009681920.0,68.91999816894531
966,TTEK,Industrials,Engineering & Construction,NASDAQ,109.53,84,69,86,71,10967481344.0,225.32000732421875
967,ABM,Industrials,Specialty Business Services,NYSE,109.52,84,75,63,29,3182114560.0,53.040000915527344
968,BSX,Healthcare,Medical Devices,NYSE,109.45,83,83,84,84,112189431808.0,75.91999816894531
971,EXPO,Industrials,Engineering & Construction,NASDAQ,109.42,83,76,73,24,4888670720.0,103.33000183105467
972,MC,Financial Services,Capital Markets,NYSE,109.39,83,84,77,85,3777344000.0,62.060001373291016
974,FSBC,Financial Services,Banks - Regional,NASDAQ,109.31,83,84,48,44,484392672.0,27.1299991607666
976,BPOP,Financial Services,Banks - Regional,NASDAQ,109.29,83,87,84,84,6132261888.0,96.02999877929688
977,PEG,Utilities,Utilities—Regulated Electric,NYSE,109.29,83,70,77,37,36504285184.0,80.12999725341797
978,LZB,Consumer Cyclical,"Furnishings, Fixtures & Appliances",NYSE,109.27,83,84,63,82,1707348736.0,41.31999969482422
979,RM,Financial Services,Credit Services,NYSE,109.27,83,47,76,21,268285984.0,31.8700008392334
982,DOC,Real Estate,REIT - Healthcare Facilities,NYSE,109.13,83,64,66,26,13709673472.0,21.940000534057617
985,GABC,Financial Services,Banks - Regional,NASDAQ,109.1,83,86,61,62,977191424.0,37.400001525878906
986,TSEM,Technology,Semiconductors,NASDAQ,109.09,83,88,66,48,4333829632.0,38.709999084472656
987,WLYB,Communication Services,Publishing,NYSE,109.05,83,66,66,33,1946249856.0,45.33000183105469
988,DOLE,Consumer Defensive,Farm Products,NYSE,109.04,83,64,60,32,1136302592.0,14.550000190734863
989,CROX,Consumer Cyclical,Footwear & Accessories,NASDAQ,108.94,83,78,86,71,9677192192.0,134.61000061035156
991,PLNT,Consumer Cyclical,Leisure,NYSE,108.91,83,76,38,40,6398289408.0,79.91000366210938
992,CPT,Real Estate,REIT - Residential,NYSE,108.89,83,62,61,36,11678366720.0,119.58000183105467
993,AXP,Financial Services,Credit Services,NYSE,108.85,83,85,88,86,164943364096.0,238.9900054931641
995,EPRT,Real Estate,REIT—Diversified,NYSE,108.77,83,80,70,54,4791079936.0,29.799999237060547
996,FOX,Communication Services,Entertainment,NASDAQ,108.77,83,70,53,28,15109883904.0,36.2599983215332
998,AER,Industrials,Rental & Leasing Services,NYSE,108.71,83,86,86,82,18307059712.0,92.52999877929688
999,IIF,Financial Services,Asset Management,NYSE,108.7,83,80,74,81,256330848.0,26.3799991607666
1000,GBCI,Financial Services,Banks—Regional,NYSE,108.69,83,81,73,66,4092209152.0,42.09000015258789
1003,FOXA,Communication Services,Entertainment,NASDAQ,108.67,83,68,53,30,15109886976.0,38.97999954223633
1005,EIX,Utilities,Utilities—Regulated Electric,NYSE,108.66,83,57,70,51,27502145536.0,82.91000366210938
1008,NBIX,Healthcare,Drug Manufacturers—Specialty & Generic,NASDAQ,108.56,83,74,80,83,13169357824.0,150.6999969482422
1010,JHG,Financial Services,Asset Management,NYSE,108.54,83,83,82,78,5381895680.0,34.84000015258789
1011,FMBH,Financial Services,Banks—Regional,NASDAQ,108.51,83,84,71,59,738395648.0,37.2599983215332
1012,BTI,Consumer Defensive,Tobacco,NYSE,108.46,83,60,51,33,69157666816.0,36.15999984741211
1013,GMED,Healthcare,Medical Devices,NYSE,108.44,83,82,77,58,9051518976.0,67.31999969482422
1014,LILAK,Communication Services,Telecom Services,NASDAQ,108.42,83,85,70,20,1643191680.0,9.579999923706056
1016,LQDT,Consumer Cyclical,Internet Retail,NASDAQ,108.38,83,69,63,43,585260160.0,22.600000381469727
1017,DUK,Utilities,Utilities—Regulated Electric,NYSE,108.37,83,67,69,52,77200056320.0,113.72000122070312
1018,LILA,Communication Services,Telecom Services,NASDAQ,108.37,83,85,71,19,1643194112.0,9.529999732971191
1019,IFF,Basic Materials,Specialty Chemicals,NYSE,108.35,83,79,85,44,24549445632.0,96.61000061035156
1020,AZN,Healthcare,Drug Manufacturers - General,NASDAQ,108.34,83,67,72,34,244335542272.0,83.37000274658203
1023,SFBC,Financial Services,Banks—Regional,NASDAQ,108.28,83,57,48,55,104447480.0,46.11000061035156
1025,FBIZ,Financial Services,Banks - Regional,NASDAQ,108.24,83,79,56,66,282230560.0,40.38999938964844
1028,WPM,Basic Materials,Gold,NYSE,108.19,82,82,80,28,24549898240.0,58.18999862670898
1029,FMAO,Financial Services,Banks—Regional,NASDAQ,108.16,82,77,65,51,299501152.0,24.68000030517578
1030,MATX,Industrials,Marine Shipping,NYSE,108.16,82,85,78,91,4108042752.0,129.55999755859375
1031,FBMS,Financial Services,Banks - Regional,NYSE,108.14,82,68,39,26,751434112.0,31.18000030517578
1032,BANR,Financial Services,Banks - Regional,NASDAQ,108.13,82,83,49,32,1633595264.0,53.880001068115234
1034,ASA,Financial Services,Asset Management,NYSE,108.12,82,82,84,32,333136576.0,18.6299991607666
1035,PRG,Industrials,Rental & Leasing Services,NYSE,108.11,82,56,69,66,1537015680.0,41.060001373291016
1036,SEMR,Technology,Software—Application,NYSE,108.06,82,83,92,87,1921749888.0,13.859999656677246
1038,BFIN,Financial Services,Banks - Regional,NASDAQ,108.01,82,64,73,77,120993400.0,11.369999885559082
1039,JPM,Financial Services,Banks—Diversified,NYSE,108.0,82,82,84,83,565719007232.0,207.94000244140625
1040,QFIN,Financial Services,Credit Services,NASDAQ,107.98,82,66,86,28,3070924288.0,21.11000061035156
1041,SNCRL,,,NASDAQ,107.91,82,61,57,69,,24.450000762939453
1042,ASC,Industrials,Marine Shipping,NYSE,107.9,82,90,94,79,889666560.0,19.459999084472656
1044,NTGR,Technology,Communication Equipment,NASDAQ,107.84,82,66,30,56,428218752.0,15.470000267028809
1045,TFC,Financial Services,Banks—Regional,NYSE,107.79,82,77,80,62,48198361088.0,41.68999862670898
1046,SYF,Financial Services,Credit Services,NYSE,107.77,82,89,84,84,17804460032.0,45.7400016784668
1047,OFG,Financial Services,Banks—Regional,NYSE,107.76,82,82,75,78,1718486272.0,42.27000045776367
1048,USM,Communication Services,Telecom Services,NYSE,107.76,82,97,92,73,4746383360.0,51.810001373291016
1050,VTOL,Energy,Oil & Gas Equipment & Services,NYSE,107.73,82,87,88,56,940376128.0,37.0
1051,GCMG,Financial Services,Asset Management,NASDAQ,107.65,82,81,80,67,1818342272.0,10.649999618530272
1052,HQH,Financial Services,Asset Management,NYSE,107.63,82,74,61,66,855559104.0,19.040000915527344
1053,PHI,Communication Services,Telecom Services,NYSE,107.59,82,64,71,42,5177753088.0,28.75
1054,CGO,Financial Services,Asset Management,NASDAQ,107.58,82,83,75,64,108084240.0,11.100000381469728
1055,FN,Technology,Electronic Components,NYSE,107.56,82,93,94,90,9192808448.0,217.75
1057,IBM,Technology,Information Technology Services,NYSE,107.54,82,70,63,86,156667740160.0,190.9900054931641
1058,VLTO,Industrials,Pollution & Treatment Controls,NYSE,107.52,82,67,64,61,24647673856.0,108.08999633789062
1060,ITCI,Healthcare,Drug Manufacturers—Specialty & Generic,NASDAQ,107.5,82,65,47,86,7968801280.0,75.33000183105469
1061,KMI,Energy,Oil & Gas Midstream,NYSE,107.5,82,70,75,57,43810562048.0,20.920000076293945
1062,HQL,Financial Services,Asset Management,NYSE,107.48,82,77,65,69,374154848.0,15.260000228881836
1065,ESS,Real Estate,REIT - Residential,NYSE,107.48,82,72,75,63,18916100096.0,284.4599914550781
1066,KFY,Industrials,Staffing & Employment Services,NYSE,107.46,82,80,81,72,3458948864.0,68.33000183105469
1067,INGR,Consumer Defensive,Packaged Foods,NYSE,107.45,82,58,64,70,7598697984.0,129.75
1068,SNV,Financial Services,Banks—Regional,NYSE,107.45,82,86,79,75,5359703552.0,41.720001220703125
1069,CL,Consumer Defensive,Household & Personal Products,NYSE,107.44,82,76,76,72,79590981632.0,100.58999633789062
1070,AXS,Financial Services,Insurance - Specialty,NYSE,107.42,82,79,81,68,5995621376.0,73.19999694824219
1071,GOLD,Basic Materials,Gold,NYSE,107.39,82,69,66,27,28828760064.0,19.1299991607666
1074,CASH,Financial Services,Banks - Regional,NASDAQ,107.34,82,79,60,53,1344143232.0,61.709999084472656
1075,NOW,Technology,Software—Application,NYSE,107.28,82,63,77,88,149963767808.0,818.7999877929688
1076,NMIH,Financial Services,Insurance—Specialty,NASDAQ,107.27,82,82,76,69,2625801728.0,37.38999938964844
1077,RDWR,Technology,Software—Infrastructure,NASDAQ,107.25,82,54,71,42,720824000.0,21.68000030517578
1078,CNO,Financial Services,Insurance - Life,NYSE,107.24,82,72,73,69,2942506752.0,31.489999771118164
1079,HGTY,Financial Services,Insurance—Property & Casualty,NYSE,107.2,82,81,36,31,3468391168.0,10.529999732971191
1080,STRL,Industrials,Engineering & Construction,NASDAQ,107.19,82,94,97,93,3545598720.0,108.5999984741211
1083,FCF,Financial Services,Banks - Regional,NYSE,107.15,82,79,58,38,1347251456.0,15.93000030517578
1084,CBL,Real Estate,REIT - Retail,NYSE,107.15,82,73,41,59,705973632.0,25.780000686645508
1085,CDP,Real Estate,REIT - Office,NYSE,107.14,82,67,48,46,2819211776.0,28.88999938964844
1087,WHD,Energy,Oil & Gas Equipment & Services,NYSE,107.12,82,80,71,58,3469287424.0,58.130001068115234
1088,SO,Utilities,Utilities—Regulated Electric,NYSE,107.12,82,68,71,38,86348169216.0,87.19999694824219
1089,EQH,Financial Services,Insurance—Diversified,NYSE,107.07,81,87,89,82,13019556864.0,38.720001220703125
1091,PWR,Industrials,Engineering & Construction,NYSE,107.02,81,74,87,78,41164308480.0,262.0
1092,MTG,Financial Services,Insurance—Specialty,NYSE,107.0,81,79,75,79,5603659264.0,23.270000457763672
1093,CUBE,Real Estate,REIT - Industrial,NYSE,106.99,81,65,53,59,10186269696.0,48.52000045776367
1095,TPZ,Financial Services,Asset Management,NYSE,106.98,81,65,67,63,91728800.0,17.440000534057617
1096,TOWN,Financial Services,Banks—Regional,NASDAQ,106.96,81,75,57,55,1963518464.0,31.76000022888184
1097,BPYPM,,,NASDAQ,106.94,81,69,60,29,,15.800000190734863
1098,LDOS,Technology,Information Technology Services,NYSE,106.92,81,88,90,85,19452950528.0,144.82000732421875
1100,DNLI,Healthcare,Biotechnology,NASDAQ,106.9,81,71,39,12,2940597504.0,23.020000457763672
1101,DFS,Financial Services,Credit Services,NYSE,106.9,81,81,83,87,31808532480.0,126.62000274658205
1102,NEE,Utilities,Utilities—Regulated Electric,NYSE,106.89,81,65,79,23,144721100800.0,78.12000274658203
1103,MINDP,Technology,Scientific & Technical Instruments,NASDAQ,106.85,81,89,95,17,23986498.0,12.470000267028809
1106,OHI,Real Estate,REIT—Healthcare Facilities,NYSE,106.81,81,61,38,51,8320781312.0,37.61000061035156
1107,SSNC,Technology,Software—Application,NASDAQ,106.79,81,64,60,70,15264776192.0,71.05999755859375
1109,CSV,Consumer Cyclical,Personal Services,NYSE,106.77,81,62,48,34,414473120.0,30.34000015258789
1112,ITRI,Technology,Scientific & Technical Instruments,NASDAQ,106.73,81,89,93,74,4718126592.0,96.80999755859376
1113,AEP,Utilities,Utilities - Regulated Electric,NASDAQ,106.7,81,67,72,50,46149529600.0,98.12999725341795
1115,SSIC,Healthcare,Drug Manufacturers—Specialty & Generic,NASDAQ,106.67,81,79,85,36,73367488.0,11.760000228881836
1116,T,Communication Services,Telecom Services,NYSE,106.66,81,75,57,53,128059236352.0,19.520000457763672
1117,CWEN,Utilities,Utilities - Renewable,NYSE,106.66,81,61,65,32,5071114240.0,28.700000762939453
1118,CM,Financial Services,Banks - Diversified,NYSE,106.64,81,68,74,75,45134082048.0,51.150001525878906
1119,FCBC,Financial Services,Banks—Regional,NASDAQ,106.62,81,85,70,57,636499392.0,39.81999969482422
1120,CLFD,Technology,Communication Equipment,NASDAQ,106.58,81,88,69,20,544281408.0,38.93000030517578
1121,CHRW,Industrials,Integrated Freight & Logistics,NASDAQ,106.57,81,59,42,18,10031527936.0,98.26000213623048
1122,RMD,Healthcare,Medical Instruments & Supplies,NYSE,106.55,81,66,79,48,31183951872.0,220.2700042724609
1123,SRDX,Healthcare,Medical Devices,NASDAQ,106.54,81,88,72,71,596982208.0,40.02000045776367
1127,HFWA,Financial Services,Banks - Regional,NASDAQ,106.48,81,73,57,43,592501760.0,21.200000762939453
1131,SMBK,Financial Services,Banks—Regional,NYSE,106.42,81,83,42,33,380327584.0,26.940000534057617
1132,PBHC,Financial Services,Banks—Regional,NASDAQ,106.41,81,45,27,23,77775896.0,15.75
1135,AAT,Real Estate,REIT - Diversified,NYSE,106.35,81,76,69,65,1679479424.0,24.690000534057617
1137,MMSI,Healthcare,Medical Instruments & Supplies,NASDAQ,106.3,81,67,57,62,4726317568.0,91.02999877929688
1139,JRS,Financial Services,Asset Management,NYSE,106.28,81,70,59,66,216404816.0,8.270000457763672
1141,BHM,Real Estate,REIT - Residential,NYSE MKT,106.26,81,72,78,22,67329664.0,18.3700008392334
1144,FTI,Energy,Oil & Gas Equipment & Services,NYSE,106.16,81,84,91,77,10619199488.0,26.190000534057617
1146,TRMK,Financial Services,Banks—Regional,NASDAQ,106.15,81,87,80,69,1697737856.0,31.489999771118164
1148,OII,Energy,Oil & Gas Equipment & Services,NYSE,106.11,81,69,69,66,2202169088.0,26.5
1150,IX,Financial Services,Financial Conglomerates,NYSE,106.09,80,73,71,73,24910819328.0,116.81999969482422
1151,TPH,Consumer Cyclical,Residential Construction,NYSE,106.09,80,86,81,84,3596063488.0,41.02999877929688
1152,NYT,Communication Services,Publishing,NYSE,106.08,80,76,71,51,8200762368.0,54.560001373291016
1153,AAPL,Technology,Consumer Electronics,NASDAQ,106.04,80,82,52,53,3285944107008.0,221.2700042724609
1154,CNX,Energy,Oil & Gas E&P,NYSE,106.02,80,75,79,70,3661022720.0,26.270000457763672
1156,LEN,Consumer Cyclical,Residential Construction,NYSE,106.01,80,75,82,87,40993034240.0,170.3699951171875
1157,WMT,Consumer Defensive,Discount Stores,NYSE,106.01,80,77,73,71,539683520512.0,68.12999725341797
1158,ESTC,Technology,Software—Application,NYSE,105.97,80,84,85,96,11185598464.0,107.16000366210938
1159,BX,Financial Services,Asset Management,NYSE,105.97,80,74,79,87,148592246784.0,133.35000610351562
1161,AROC,Energy,Oil & Gas Equipment & Services,NYSE,105.96,80,94,93,95,2983499776.0,18.780000686645508
1163,PKOH,Industrials,Specialty Industrial Machinery,NASDAQ,105.95,80,73,83,89,329776288.0,27.82999992370605
1164,EWBC,Financial Services,Banks - Regional,NASDAQ,105.95,80,81,84,80,9902808064.0,78.1500015258789
1165,CRBG,Financial Services,Asset Management,NYSE,105.95,80,86,95,92,17741991936.0,26.81999969482422
1167,WAFD,Financial Services,Banks—Regional,NASDAQ,105.95,80,70,52,37,2142023296.0,33.380001068115234
1168,WCN,Industrials,Waste Management,NYSE,105.93,80,72,65,81,43293007872.0,180.3800048828125
1173,PNC,Financial Services,Banks—Regional,NYSE,105.92,80,80,77,69,61468672000.0,168.2100067138672
1174,SHW,Basic Materials,Specialty Chemicals,NYSE,105.91,80,63,69,82,76112871424.0,349.0799865722656
1175,EVBN,Financial Services,Banks - Regional,NYSE MKT,105.89,80,74,45,49,150723568.0,32.470001220703125
1177,CTO,Real Estate,REIT - Diversified,NYSE,105.85,80,65,66,47,397661120.0,19.299999237060547
1178,ING,Financial Services,Banks—Diversified,NYSE,105.85,80,84,88,42,55016312832.0,16.860000610351562
1181,GPI,Consumer Cyclical,Auto & Truck Dealerships,NYSE,105.82,80,70,78,54,4174211072.0,345.0199890136719
1182,PFSI,Financial Services,Mortgage Finance,NYSE,105.8,80,81,78,84,4719515648.0,97.86000061035156
1183,GM,Consumer Cyclical,Auto Manufacturers,NYSE,105.78,80,84,87,81,54100099072.0,43.31999969482422
1184,AOMR,Real Estate,REIT - Mortgage,NYSE,105.77,80,84,86,89,312066240.0,11.859999656677246
1185,CDZIP,Utilities,Utilities - Regulated Water,NASDAQ,105.76,80,75,24,30,,15.479999542236328
1186,BN,Financial Services,Asset Management,NYSE,105.75,80,82,82,79,64108625920.0,45.52999877929688
1187,CARE,Financial Services,Banks - Regional,NASDAQ,105.75,80,85,32,37,289299808.0,15.539999961853027
1189,HRMY,Healthcare,Biotechnology,NASDAQ,105.74,80,70,28,44,1640717952.0,35.09000015258789
1191,ITGR,Healthcare,Medical Devices,NYSE,105.69,80,80,85,76,3853930496.0,118.47000122070312
1193,NDP,Financial Services,Asset Management,NYSE,105.68,80,65,65,43,55811336.0,37.7400016784668
1194,BNRE,Financial Services,Insurance - Reinsurance,NYSE,105.67,80,81,81,78,5998735360.0,45.56999969482422
1195,STX,Technology,Computer Hardware,NASDAQ,105.66,80,89,86,80,20898103296.0,98.1999969482422
1196,EXLS,Technology,Information Technology Services,NASDAQ,105.65,80,62,50,47,4735067648.0,34.7400016784668
1197,SANM,Technology,Electronic Components,NASDAQ,105.63,80,83,76,64,3748663296.0,69.0
1199,GOF,Financial Services,Asset Management,NYSE,105.61,80,66,61,46,1902331776.0,15.75
1200,BY,Financial Services,Banks - Regional,NYSE,105.6,80,86,71,46,1011324352.0,25.549999237060547
1201,MO,Consumer Defensive,Tobacco,NYSE,105.59,80,61,60,30,76949823488.0,51.11000061035156
1203,ATEX,Communication Services,Telecom Services,NASDAQ,105.55,80,85,32,80,556708160.0,37.84999847412109
1204,OKE,Energy,Oil & Gas Midstream,NYSE,105.55,80,70,80,71,46726774784.0,85.73999786376953
1205,LNW,Consumer Cyclical,Gambling,NASDAQ,105.49,80,81,76,79,8882168832.0,102.62999725341795
1206,KGS,Energy,Oil & Gas Equipment & Services,NYSE,105.49,80,87,85,81,2205976576.0,26.100000381469727
1207,HONE,Financial Services,Banks—Regional,NASDAQ,105.48,80,84,62,37,464180544.0,12.170000076293944
1208,DPG,Financial Services,Asset Management,NYSE,105.48,80,67,61,27,363107968.0,10.56999969482422
1210,BWXT,Industrials,Aerospace & Defense,NYSE,105.45,79,79,70,84,8459884544.0,97.33999633789062
1211,GHSI,Healthcare,Drug Manufacturers - Specialty & Generic,NASDAQ,105.43,79,88,79,87,12803076.0,9.149999618530272
1213,FNF,Financial Services,Insurance—Specialty,NYSE,105.41,79,79,77,87,13429649408.0,55.66999816894531
1214,RDY,Healthcare,Drug Manufacturers—Specialty & Generic,NYSE,105.37,79,63,44,80,11953328128.0,83.31999969482422
1215,KIO,Financial Services,Asset Management,NYSE,105.34,79,71,75,76,368837440.0,14.100000381469728
1216,SRPT,Healthcare,Biotechnology,NASDAQ,105.34,79,80,65,84,11587672064.0,133.4600067138672
1217,TRNO,Real Estate,REIT—Industrial,NYSE,105.29,79,61,32,59,5456045056.0,67.95999908447266
1218,JRI,Financial Services,Asset Management,NYSE,105.28,79,73,58,59,324887904.0,12.65999984741211
1222,SPGI,Financial Services,Financial Data & Stock Exchanges,NYSE,105.27,79,71,60,65,134546997248.0,489.6900024414063
1224,HYB,Financial Services,Asset Management,NYSE,105.25,79,59,58,70,169934064.0,8.010000228881836
1225,PANW,Technology,Software—Infrastructure,NASDAQ,105.25,79,74,78,79,102651068416.0,333.2300109863281
1226,HPQ,Technology,Computer Hardware,NYSE,105.21,79,85,56,38,35962081280.0,34.7599983215332
1227,MCBS,Financial Services,Banks—Regional,NASDAQ,105.21,79,84,79,80,626860800.0,27.209999084472656
1229,KMPR,Financial Services,Insurance—Property & Casualty,NYSE,105.14,79,77,79,83,3811667456.0,60.59000015258789
1232,IOR,Financial Services,Mortgage Finance,NYSE MKT,105.08,79,76,78,44,67615064.0,17.06999969482422
1234,FFIN,Financial Services,Banks—Regional,NASDAQ,105.04,79,76,55,64,4013831936.0,34.68000030517578
1237,RBCAA,Financial Services,Banks—Regional,NASDAQ,105.01,79,85,73,70,997787136.0,57.43000030517578
1239,ESI,Basic Materials,Specialty Chemicals,NYSE,105.0,79,83,68,76,6741482496.0,25.56999969482422
1241,TRN,Industrials,Railroads,NYSE,104.95,79,78,81,63,2386331904.0,32.099998474121094
1242,NVO,Healthcare,Biotechnology,NYSE,104.95,79,84,85,88,629194358784.0,133.57000732421875
1245,FNWD,Financial Services,Banks—Regional,NASDAQ,104.93,79,55,56,38,104782176.0,27.31999969482422
1246,CINF,Financial Services,Insurance - Property & Casualty,NASDAQ,104.92,79,67,66,57,17810837504.0,128.47000122070312
1250,CSL,Industrials,Building Products & Equipment,NYSE,104.87,79,89,91,89,20093671424.0,395.5400085449219
1251,SPFI,Financial Services,Banks—Regional,NASDAQ,104.86,79,70,52,51,426247616.0,31.170000076293945
1252,CNA,Financial Services,Insurance - Property & Casualty,NYSE,104.85,79,72,66,74,12025930752.0,48.0099983215332
1255,DCOMP,Financial Services,Banks—Regional,NASDAQ,104.78,79,59,71,57,,18.78400039672852
1258,AIO,,,NYSE,104.74,79,78,72,75,720817600.0,20.93000030517578
1262,VRRM,Industrials,Infrastructure Operations,NASDAQ,104.68,79,87,88,77,4326319104.0,27.13999938964844
1265,RBA,Industrials,Specialty Business Services,NYSE,104.62,79,71,79,67,14745771008.0,78.72000122070312
1268,R,Industrials,Rental & Leasing Services,NYSE,104.57,79,81,81,73,5249375232.0,134.97000122070312
1269,BKE,Consumer Cyclical,Apparel Retail,NYSE,104.57,79,69,54,75,1875757696.0,42.0
